state,county,status,difficulty,publisher,format,list_url,update_frequency,scraper,notes,last_verified
OH,Adams,scraper_live,easy,County Auditor,docx/pdf,https://adamsoh-auditor.schneidergis.com/site-links/surplus-funds/,irregular,adams_oh,Small list (3 records on 2026-10-08); link changes when updated so the scraper discovers it,2026-10-08
TX,Dallas,scraper_live,easy,District Clerk,pdf,https://www.dallascounty.org/Assets/uploads/docs/district-clerk/excess-funds/,monthly (1st),dallas_tx,"~160 records, ~$3.3M; file name ExcessFunds-MMDDYY.pdf; layout shifts between months",2026-10-08
TX,Fort Bend,scraper_live,easy,District Clerk,pdf,https://odysseyreport.fortbendcountytx.gov/District_Clerk/ExcessProceedsFromTaxSale.pdf,regenerated daily,fortbend_tx,"~134 tax-sale records, ~$3.4M; also lists overpayment refunds (skipped); no owner address",2026-10-08
GA,Gwinnett,scraper_live,easy,Tax Commissioner,pdf,https://gwinnetttaxcommissioner.com/property-tax/tax-sale-excess-funds,irregular,gwinnett_ga,"~55 records, ~$1.9M; includes property address; office deals only with owner or owner's attorney",2026-10-08
TX,Harris,request_only,hard,District Clerk (court registry),email request,mailto:court.registry@hcdistrictclerk.com,on request,,"No standing online list; email for a listing (fees may apply). Largest TX county",2026-10-08
TX,Tarrant,request_only,hard,Constable Pct 3 / open records,email request,mailto:openrecords@tarrantcountytx.gov,on request,,Ask for monthly tax sale results incl. excess proceeds in court registry,2026-10-08
GA,Fulton,request_only,hard,Sheriff,open records request,https://fultoncountyga.gov/Inside-Fulton-County/Fulton-County-Departments/Sheriff/Tax-Sales,on request,,List has sale #/parcel/amount only (no owner names),2026-10-08
GA,Clarke,list_online,medium,Tax Commissioner,pdf,https://accgov.com/3910/Excess-Funds,unknown,,Athens-Clarke; page links several PDFs incl. application form; confirm which is the list,2026-10-08
FL,Pasco,list_online,medium,Clerk of Court,html/pdf,https://pascoclerk.com/839/Tax-Deed-Surplus,unknown,,Page references an unclaimed tax deed surplus list; link not visible in static HTML,2026-10-08
FL,Collier,list_online,medium,Clerk of Court,document,https://collierclerk.com/tax-deed-sales/tax-deed-surplus/,unknown,,Tax deed surplus listed in a separate document,2026-10-08
FL,Sarasota,list_online,medium,Clerk of Court,html,https://www.sarasotaclerk.com/Home-and-Property/Tax-Deeds/Surplus-Funds-from-Tax-Deed-Sale,unknown,,Site returned 403 to our scraper; may need a browser,2026-10-08
FL,Alachua,list_online,medium,Clerk of Court,annual list,https://alachuacounty.us/Depts/Clerk/Pages/UnclaimedFunds.aspx,yearly (July),,Annual unclaimed court funds list; claim deadline Sept 1,2026-10-08
OH,Cuyahoga,list_online,medium,Clerk of Courts / Sheriff,html,https://cuyahogacounty.gov/coc/unclaimed-funds,unknown,,Excess foreclosure funds held by Clerk of Courts by year; Sheriff has a separate list,2026-10-08
OH,Lake,list_online,medium,Clerk of Courts,pdf legal notice,https://www.lakecountyohio.gov/coc/wp-content/uploads/sites/5/2024/04/WEBSITE-LEGAL-NOTICE-004.pdf,periodic,,Published as legal notices; this 2024 notice returned 404 on 2026-10-08 so find the current one,2026-10-08
SC,Laurens,list_online,medium,Delinquent Tax Collector,pdf,https://laurenscounty.us/delinquent-tax-collector,yearly,,Tax sale overage list; site returned 403 to our scraper,2026-10-08
MD,Baltimore,list_online,medium,Budget & Finance,pdf,https://baltimorecountymd.gov/files/departments/budget-and-finance/documents/taxsalepropertiessurplus-2022-10-1-2024.pdf,periodic,,Tax sale properties surplus list; site returned 403 to our scraper,2026-10-08
CA,Madera,list_online,medium,Treasurer-Tax Collector,pdf,https://maderacounty.com/home/showpublisheddocument/40068/638592212121770000,per tax sale,,Excess proceeds report per sale with claim deadline; site returned 403 to our scraper,2026-10-08
CA,Riverside,notices_only,hard,Board of Supervisors,pdf per hearing,https://media.rivcocob.org/proceeds/2024/p2024_12_17_files/19.31001.pdf,per hearing,,Excess proceeds appear only in board hearing packets per claim,2026-10-08
IL,Cook,list_online,medium,County Treasurer,spreadsheet,https://www.weissman.law/wp-content/uploads/2022/07/Cook-County-Excess-Funds-List-11162021.pdf,unknown,,Found via a third party; find the official source,2026-10-08
IL,Will,list_online,medium,Sheriff,html,,irregular,,"Sheriff publishes a foreclosure surplus funds list (URL not yet verified); Civil Process Office 815-727-8895",2026-10-08
AZ,Maricopa,list_online,medium,Treasurer,html,https://treasurer.maricopa.gov/,unknown,,Excess proceeds from mortgage foreclosures (ARS 33-812); confirm live page,2026-10-08
MI,Wayne,special_process,hard,Treasurer,html,https://www.waynecountymi.gov/treasurer,yearly,,Claim notice due July 1 before auction (MCL 211.78t); court motion Feb-May,2026-10-08
MI,Oakland,closed,blocked,Treasurer,,,,,Retroactive claims settled; no further claims,2026-10-08
NY,Chautauqua,request_only,hard,County,pdf (process only),https://chautauquacountyny.gov/sites/default/files/document-files/2025-09/Surplus%20Funds.pdf,,,Explains the court process; no list of funds,2026-10-08
WA,King,do_not_use,blocked,Treasury,pdf by auction year,https://kingcounty.gov/en/dept/executive-services/buildings-property/treasury-operations/tax-foreclosures/excess-auction-money/excess-funds-data,yearly,,State law prohibits using these lists for commercial purposes,2026-10-08
CO,Denver,do_not_use,blocked,Public Trustee,pdf,https://denvergov.org/Government/Agencies-Departments-Offices/Agencies-Departments-Offices-Directory/Denver-Clerk-and-Recorder/Recording-Division/Denver-Public-Trustee/did-your-house-sell,periodic,,Colorado: no one may charge a fee to help collect excess funds,2026-10-08
CO,Arapahoe,do_not_use,blocked,Public Trustee,html,https://www.arapahoeco.gov/your_county/county_departments/public_trustee/foreclosures/overbid_information.php,periodic,,Colorado fee prohibition,2026-10-08
IN,Allen,list_online,medium,Clerk / Superior Court,news releases,https://allencountyclerk.in.gov/mortgage-forclosure-surpluses/,irregular,,Publishes amounts via press releases; Indiana caps locator fees at 10%,2026-10-08
