state,fee_rule,holding_period,process,verified,source
CO,"No fee may be charged to help collect public trustee excess funds",6 months then to state unclaimed property (Great Colorado Payback),Owner claims directly from county public trustee,yes,https://denvergov.org/Government/Agencies-Departments-Offices/Agencies-Departments-Offices-Directory/Denver-Clerk-and-Recorder/Recording-Division/Denver-Public-Trustee/did-your-house-sell
WA,"Lists may not be used for commercial purposes (RCW 42.56.070); locator fees limited (RCW 63.29.350)",3 years from auction (King County),Claim with county treasury,yes,https://kingcounty.gov/en/dept/executive-services/buildings-property/treasury-operations/tax-foreclosures/excess-auction-money
GA,"VERIFY. Gwinnett rejects asset-recovery firms and powers of attorney; only owner or owner's attorney may file",Until awarded (no fixed deadline in Gwinnett),Claim with tax commissioner or sheriff; disputes go to a judge (O.C.G.A. 48-4-5),partial,https://gwinnetttaxcommissioner.com/property-tax/tax-sale-excess-funds
IN,"10% cap on locator fees (per Indiana Court of Appeals)",3 years then county general fund,Verified claim with county auditor (tax sale surplus fund),partial,https://caselaw.findlaw.com/in-court-of-appeals/1639588.html
FL,VERIFY with attorney (s.45.032-45.033 mortgage foreclosure; s.197.582 tax deed),"Tax deed: claim within 120 days of notice; clerk holds 1 year then to state",Claim with clerk of court,partial,https://www.sarasotaclerk.com/Home-and-Property/Tax-Deeds/Surplus-Funds-from-Tax-Deed-Sale
TX,VERIFY with attorney (Tax Code 34.04 limits assignments and fees),"Held in court registry; Dallas lists show a 2-year redemption window",Petition the district court for release,partial,https://www.dallascounty.org/Assets/uploads/docs/district-clerk/excess-funds/ExcessFunds-090126.pdf
CA,VERIFY with attorney,Claim within 1 year of tax deed recording; then county general fund (R&T Code 4674),Claim with treasurer-tax collector; board of supervisors decides (R&T Code 4675),partial,https://media.rivcocob.org/proceeds/2024/p2024_12_17_files/19.31001.pdf
MI,VERIFY with attorney,Notice of intent to claim due by July 1 after foreclosure,"Statutory claim process MCL 211.78t, then motion in circuit court",partial,https://www.waynecountymi.gov/News/Treasurer/2026/Wayne-County-Returns-Millions-in-Tax-Foreclosure-Proceeds
NC,"VERIFY. Commentary cites lesser of $1,000 or 20% for unclaimed-property finder agreements",About 1 year at clerk then to State Treasurer,Special proceeding before clerk of superior court,partial,https://piercelaw.com/news/surplus-funds-qa-series/is-it-legal-to-charge-a-fee-for-helping-someone-claim-unclaimed-property-or-surplus-funds-nc/
NY,VERIFY with attorney,Claim within 3 years of sale,Motion to the court for a share of surplus,partial,https://chautauquacountyny.gov/sites/default/files/document-files/2025-09/Surplus%20Funds.pdf
OH,VERIFY with attorney,Varies by county,"Excess sale proceeds held by clerk of courts (ORC 2329.44); tax sale surplus by auditor",partial,https://adamsoh-auditor.schneidergis.com/site-links/surplus-funds/
TN,VERIFY with attorney,Clerk holds then remits to state,Claim with court clerk,partial,https://www.ctas.tennessee.edu/eli/escheat-funds
